SYMPTOM:MISSING_OVERTIME	description	Overtime hours absent from pay
SYMPTOM:MISSING_OVERTIME	mayIndicate	CAUSE:UNAPPROVED_TIMESHEET
CAUSE:UNAPPROVED_TIMESHEET	resolvedBy	RESOLUTION:UNAPPROVED_TIMESHEET
RESOLUTION:UNAPPROVED_TIMESHEET	recommendedAction	Check timesheet approval and reconcile approved overtime hours
CAUSE:UNAPPROVED_TIMESHEET	diagnosisStatus	HYPOTHESIS_REQUIRES_EVIDENCE
SYMPTOM:MISSING_OVERTIME	mayIndicate	CAUSE:PAYROLL_CUTOFF
CAUSE:PAYROLL_CUTOFF	resolvedBy	RESOLUTION:PAYROLL_CUTOFF
RESOLUTION:PAYROLL_CUTOFF	recommendedAction	Compare approval timestamp with payroll cutoff and next-cycle policy
CAUSE:PAYROLL_CUTOFF	diagnosisStatus	HYPOTHESIS_REQUIRES_EVIDENCE
SYMPTOM:UNEXPECTED_DEDUCTIONS	description	Net pay lower than expected
SYMPTOM:UNEXPECTED_DEDUCTIONS	mayIndicate	CAUSE:BENEFITS_CHANGE
CAUSE:BENEFITS_CHANGE	resolvedBy	RESOLUTION:BENEFITS_CHANGE
RESOLUTION:BENEFITS_CHANGE	recommendedAction	Compare authorized benefit elections and deduction history
CAUSE:BENEFITS_CHANGE	diagnosisStatus	HYPOTHESIS_REQUIRES_EVIDENCE
SYMPTOM:UNEXPECTED_DEDUCTIONS	mayIndicate	CAUSE:TAX_WITHHOLDING_CHANGE
CAUSE:TAX_WITHHOLDING_CHANGE	resolvedBy	RESOLUTION:TAX_WITHHOLDING_CHANGE
RESOLUTION:TAX_WITHHOLDING_CHANGE	recommendedAction	Review withholding elections and applicable payroll records
CAUSE:TAX_WITHHOLDING_CHANGE	diagnosisStatus	HYPOTHESIS_REQUIRES_EVIDENCE
SYMPTOM:WRONG_PAYGROUP	description	Employee assigned to incorrect paygroup
SYMPTOM:WRONG_PAYGROUP	mayIndicate	CAUSE:STALE_EMPLOYEE_MAPPING
CAUSE:STALE_EMPLOYEE_MAPPING	resolvedBy	RESOLUTION:STALE_EMPLOYEE_MAPPING
RESOLUTION:STALE_EMPLOYEE_MAPPING	recommendedAction	Verify employee-to-paygroup mapping against the approved HR record
CAUSE:STALE_EMPLOYEE_MAPPING	diagnosisStatus	HYPOTHESIS_REQUIRES_EVIDENCE
SYMPTOM:WRONG_PAYGROUP	mayIndicate	CAUSE:TRANSFER_NOT_SYNCED
CAUSE:TRANSFER_NOT_SYNCED	resolvedBy	RESOLUTION:TRANSFER_NOT_SYNCED
RESOLUTION:TRANSFER_NOT_SYNCED	recommendedAction	Check whether a transfer was propagated to payroll before cutoff
CAUSE:TRANSFER_NOT_SYNCED	diagnosisStatus	HYPOTHESIS_REQUIRES_EVIDENCE
SYMPTOM:DUPLICATE_PAYMENT	description	Possible duplicate payroll payment
SYMPTOM:DUPLICATE_PAYMENT	mayIndicate	CAUSE:DUPLICATE_IMPORT
CAUSE:DUPLICATE_IMPORT	resolvedBy	RESOLUTION:DUPLICATE_IMPORT
RESOLUTION:DUPLICATE_IMPORT	recommendedAction	Compare event IDs, source imports, and payment identifiers
CAUSE:DUPLICATE_IMPORT	diagnosisStatus	HYPOTHESIS_REQUIRES_EVIDENCE
SYMPTOM:DUPLICATE_PAYMENT	mayIndicate	CAUSE:RETRY_WITHOUT_IDEMPOTENCY
CAUSE:RETRY_WITHOUT_IDEMPOTENCY	resolvedBy	RESOLUTION:RETRY_WITHOUT_IDEMPOTENCY
RESOLUTION:RETRY_WITHOUT_IDEMPOTENCY	recommendedAction	Review processing retries and idempotency keys
CAUSE:RETRY_WITHOUT_IDEMPOTENCY	diagnosisStatus	HYPOTHESIS_REQUIRES_EVIDENCE
SYMPTOM:MISSING_PAYROLL_RECORD	description	Expected payroll event not found
SYMPTOM:MISSING_PAYROLL_RECORD	mayIndicate	CAUSE:FAILED_IMPORT
CAUSE:FAILED_IMPORT	resolvedBy	RESOLUTION:FAILED_IMPORT
RESOLUTION:FAILED_IMPORT	recommendedAction	Check source-to-target reconciliation and ingestion errors
CAUSE:FAILED_IMPORT	diagnosisStatus	HYPOTHESIS_REQUIRES_EVIDENCE
SYMPTOM:MISSING_PAYROLL_RECORD	mayIndicate	CAUSE:IDENTITY_MISMATCH
CAUSE:IDENTITY_MISMATCH	resolvedBy	RESOLUTION:IDENTITY_MISMATCH
RESOLUTION:IDENTITY_MISMATCH	recommendedAction	Verify employee identity mapping and payroll event ownership
CAUSE:IDENTITY_MISMATCH	diagnosisStatus	HYPOTHESIS_REQUIRES_EVIDENCE
SYMPTOM:WRONG_PAYGROUP	mayIndicate	CAUSE:IMPORT_MAPPING_ERROR
CAUSE:IMPORT_MAPPING_ERROR	resolvedBy	RESOLUTION:IMPORT_MAPPING_ERROR
RESOLUTION:IMPORT_MAPPING_ERROR	recommendedAction	Correct the source-to-target paygroup mapping and reconcile affected assignments
CAUSE:IMPORT_MAPPING_ERROR	diagnosisStatus	HYPOTHESIS_REQUIRES_EVIDENCE
SYMPTOM:MISSING_PAYROLL_RECORD	mayIndicate	CAUSE:REPORT_FILTER_EXCLUSION
CAUSE:REPORT_FILTER_EXCLUSION	resolvedBy	RESOLUTION:REPORT_FILTER_EXCLUSION
RESOLUTION:REPORT_FILTER_EXCLUSION	recommendedAction	Review report filters and regenerate the payroll export after verifying employee eligibility
CAUSE:REPORT_FILTER_EXCLUSION	diagnosisStatus	HYPOTHESIS_REQUIRES_EVIDENCE
