Question ID,Category,Question,Ground Truth Answer
1,Individual Pay Inquiry,Sample Individual Pay Inquiry question 1: What happened in payroll scenario 1?,Ground truth answer for synthetic payroll scenario 1.
2,Individual Pay Inquiry,Sample Individual Pay Inquiry question 2: What happened in payroll scenario 2?,Ground truth answer for synthetic payroll scenario 2.
3,Individual Pay Inquiry,Sample Individual Pay Inquiry question 3: What happened in payroll scenario 3?,Ground truth answer for synthetic payroll scenario 3.
4,Individual Pay Inquiry,Sample Individual Pay Inquiry question 4: What happened in payroll scenario 4?,Ground truth answer for synthetic payroll scenario 4.
5,Individual Pay Inquiry,Sample Individual Pay Inquiry question 5: What happened in payroll scenario 5?,Ground truth answer for synthetic payroll scenario 5.
6,Individual Pay Inquiry,Sample Individual Pay Inquiry question 6: What happened in payroll scenario 6?,Ground truth answer for synthetic payroll scenario 6.
7,Individual Pay Inquiry,Sample Individual Pay Inquiry question 7: What happened in payroll scenario 7?,Ground truth answer for synthetic payroll scenario 7.
8,Individual Pay Inquiry,Sample Individual Pay Inquiry question 8: What happened in payroll scenario 8?,Ground truth answer for synthetic payroll scenario 8.
9,Individual Pay Inquiry,Sample Individual Pay Inquiry question 9: What happened in payroll scenario 9?,Ground truth answer for synthetic payroll scenario 9.
10,Individual Pay Inquiry,Sample Individual Pay Inquiry question 10: What happened in payroll scenario 10?,Ground truth answer for synthetic payroll scenario 10.
11,Individual Pay Inquiry,Sample Individual Pay Inquiry question 11: What happened in payroll scenario 11?,Ground truth answer for synthetic payroll scenario 11.
12,Individual Pay Inquiry,Sample Individual Pay Inquiry question 12: What happened in payroll scenario 12?,Ground truth answer for synthetic payroll scenario 12.
13,Individual Pay Inquiry,Sample Individual Pay Inquiry question 13: What happened in payroll scenario 13?,Ground truth answer for synthetic payroll scenario 13.
14,Individual Pay Inquiry,Sample Individual Pay Inquiry question 14: What happened in payroll scenario 14?,Ground truth answer for synthetic payroll scenario 14.
15,Individual Pay Inquiry,Sample Individual Pay Inquiry question 15: What happened in payroll scenario 15?,Ground truth answer for synthetic payroll scenario 15.
16,Individual Pay Inquiry,Sample Individual Pay Inquiry question 16: What happened in payroll scenario 16?,Ground truth answer for synthetic payroll scenario 16.
17,Individual Pay Inquiry,Sample Individual Pay Inquiry question 17: What happened in payroll scenario 17?,Ground truth answer for synthetic payroll scenario 17.
18,Individual Pay Inquiry,Sample Individual Pay Inquiry question 18: What happened in payroll scenario 18?,Ground truth answer for synthetic payroll scenario 18.
19,Individual Pay Inquiry,Sample Individual Pay Inquiry question 19: What happened in payroll scenario 19?,Ground truth answer for synthetic payroll scenario 19.
20,Individual Pay Inquiry,Sample Individual Pay Inquiry question 20: What happened in payroll scenario 20?,Ground truth answer for synthetic payroll scenario 20.
21,Individual Pay Inquiry,Sample Individual Pay Inquiry question 21: What happened in payroll scenario 21?,Ground truth answer for synthetic payroll scenario 21.
22,Individual Pay Inquiry,Sample Individual Pay Inquiry question 22: What happened in payroll scenario 22?,Ground truth answer for synthetic payroll scenario 22.
23,Individual Pay Inquiry,Sample Individual Pay Inquiry question 23: What happened in payroll scenario 23?,Ground truth answer for synthetic payroll scenario 23.
24,Individual Pay Inquiry,Sample Individual Pay Inquiry question 24: What happened in payroll scenario 24?,Ground truth answer for synthetic payroll scenario 24.
25,Individual Pay Inquiry,Sample Individual Pay Inquiry question 25: What happened in payroll scenario 25?,Ground truth answer for synthetic payroll scenario 25.
26,Individual Pay Inquiry,Sample Individual Pay Inquiry question 26: What happened in payroll scenario 26?,Ground truth answer for synthetic payroll scenario 26.
27,Individual Pay Inquiry,Sample Individual Pay Inquiry question 27: What happened in payroll scenario 27?,Ground truth answer for synthetic payroll scenario 27.
28,Individual Pay Inquiry,Sample Individual Pay Inquiry question 28: What happened in payroll scenario 28?,Ground truth answer for synthetic payroll scenario 28.
29,Individual Pay Inquiry,Sample Individual Pay Inquiry question 29: What happened in payroll scenario 29?,Ground truth answer for synthetic payroll scenario 29.
30,Individual Pay Inquiry,Sample Individual Pay Inquiry question 30: What happened in payroll scenario 30?,Ground truth answer for synthetic payroll scenario 30.
31,Individual Pay Inquiry,Sample Individual Pay Inquiry question 31: What happened in payroll scenario 31?,Ground truth answer for synthetic payroll scenario 31.
32,Individual Pay Inquiry,Sample Individual Pay Inquiry question 32: What happened in payroll scenario 32?,Ground truth answer for synthetic payroll scenario 32.
33,Individual Pay Inquiry,Sample Individual Pay Inquiry question 33: What happened in payroll scenario 33?,Ground truth answer for synthetic payroll scenario 33.
34,Individual Pay Inquiry,Sample Individual Pay Inquiry question 34: What happened in payroll scenario 34?,Ground truth answer for synthetic payroll scenario 34.
35,Individual Pay Inquiry,Sample Individual Pay Inquiry question 35: What happened in payroll scenario 35?,Ground truth answer for synthetic payroll scenario 35.
36,Individual Pay Inquiry,Sample Individual Pay Inquiry question 36: What happened in payroll scenario 36?,Ground truth answer for synthetic payroll scenario 36.
37,Individual Pay Inquiry,Sample Individual Pay Inquiry question 37: What happened in payroll scenario 37?,Ground truth answer for synthetic payroll scenario 37.
38,Individual Pay Inquiry,Sample Individual Pay Inquiry question 38: What happened in payroll scenario 38?,Ground truth answer for synthetic payroll scenario 38.
39,Individual Pay Inquiry,Sample Individual Pay Inquiry question 39: What happened in payroll scenario 39?,Ground truth answer for synthetic payroll scenario 39.
40,Individual Pay Inquiry,Sample Individual Pay Inquiry question 40: What happened in payroll scenario 40?,Ground truth answer for synthetic payroll scenario 40.
41,Individual Pay Inquiry,Sample Individual Pay Inquiry question 41: What happened in payroll scenario 41?,Ground truth answer for synthetic payroll scenario 41.
42,Individual Pay Inquiry,Sample Individual Pay Inquiry question 42: What happened in payroll scenario 42?,Ground truth answer for synthetic payroll scenario 42.
43,Individual Pay Inquiry,Sample Individual Pay Inquiry question 43: What happened in payroll scenario 43?,Ground truth answer for synthetic payroll scenario 43.
44,Individual Pay Inquiry,Sample Individual Pay Inquiry question 44: What happened in payroll scenario 44?,Ground truth answer for synthetic payroll scenario 44.
45,Individual Pay Inquiry,Sample Individual Pay Inquiry question 45: What happened in payroll scenario 45?,Ground truth answer for synthetic payroll scenario 45.
46,Individual Pay Inquiry,Sample Individual Pay Inquiry question 46: What happened in payroll scenario 46?,Ground truth answer for synthetic payroll scenario 46.
47,Individual Pay Inquiry,Sample Individual Pay Inquiry question 47: What happened in payroll scenario 47?,Ground truth answer for synthetic payroll scenario 47.
48,Individual Pay Inquiry,Sample Individual Pay Inquiry question 48: What happened in payroll scenario 48?,Ground truth answer for synthetic payroll scenario 48.
49,Individual Pay Inquiry,Sample Individual Pay Inquiry question 49: What happened in payroll scenario 49?,Ground truth answer for synthetic payroll scenario 49.
50,Individual Pay Inquiry,Sample Individual Pay Inquiry question 50: What happened in payroll scenario 50?,Ground truth answer for synthetic payroll scenario 50.
51,Individual Pay Inquiry,Sample Individual Pay Inquiry question 51: What happened in payroll scenario 51?,Ground truth answer for synthetic payroll scenario 51.
52,Individual Pay Inquiry,Sample Individual Pay Inquiry question 52: What happened in payroll scenario 52?,Ground truth answer for synthetic payroll scenario 52.
53,Individual Pay Inquiry,Sample Individual Pay Inquiry question 53: What happened in payroll scenario 53?,Ground truth answer for synthetic payroll scenario 53.
54,Individual Pay Inquiry,Sample Individual Pay Inquiry question 54: What happened in payroll scenario 54?,Ground truth answer for synthetic payroll scenario 54.
55,Individual Pay Inquiry,Sample Individual Pay Inquiry question 55: What happened in payroll scenario 55?,Ground truth answer for synthetic payroll scenario 55.
56,Individual Pay Inquiry,Sample Individual Pay Inquiry question 56: What happened in payroll scenario 56?,Ground truth answer for synthetic payroll scenario 56.
57,Individual Pay Inquiry,Sample Individual Pay Inquiry question 57: What happened in payroll scenario 57?,Ground truth answer for synthetic payroll scenario 57.
58,Individual Pay Inquiry,Sample Individual Pay Inquiry question 58: What happened in payroll scenario 58?,Ground truth answer for synthetic payroll scenario 58.
59,Individual Pay Inquiry,Sample Individual Pay Inquiry question 59: What happened in payroll scenario 59?,Ground truth answer for synthetic payroll scenario 59.
60,Individual Pay Inquiry,Sample Individual Pay Inquiry question 60: What happened in payroll scenario 60?,Ground truth answer for synthetic payroll scenario 60.
61,Individual Pay Inquiry,Sample Individual Pay Inquiry question 61: What happened in payroll scenario 61?,Ground truth answer for synthetic payroll scenario 61.
62,Individual Pay Inquiry,Sample Individual Pay Inquiry question 62: What happened in payroll scenario 62?,Ground truth answer for synthetic payroll scenario 62.
63,Individual Pay Inquiry,Sample Individual Pay Inquiry question 63: What happened in payroll scenario 63?,Ground truth answer for synthetic payroll scenario 63.
64,Individual Pay Inquiry,Sample Individual Pay Inquiry question 64: What happened in payroll scenario 64?,Ground truth answer for synthetic payroll scenario 64.
65,Individual Pay Inquiry,Sample Individual Pay Inquiry question 65: What happened in payroll scenario 65?,Ground truth answer for synthetic payroll scenario 65.
66,Individual Pay Inquiry,Sample Individual Pay Inquiry question 66: What happened in payroll scenario 66?,Ground truth answer for synthetic payroll scenario 66.
67,Individual Pay Inquiry,Sample Individual Pay Inquiry question 67: What happened in payroll scenario 67?,Ground truth answer for synthetic payroll scenario 67.
68,Individual Pay Inquiry,Sample Individual Pay Inquiry question 68: What happened in payroll scenario 68?,Ground truth answer for synthetic payroll scenario 68.
69,Individual Pay Inquiry,Sample Individual Pay Inquiry question 69: What happened in payroll scenario 69?,Ground truth answer for synthetic payroll scenario 69.
70,Individual Pay Inquiry,Sample Individual Pay Inquiry question 70: What happened in payroll scenario 70?,Ground truth answer for synthetic payroll scenario 70.
71,Individual Pay Inquiry,Sample Individual Pay Inquiry question 71: What happened in payroll scenario 71?,Ground truth answer for synthetic payroll scenario 71.
72,Individual Pay Inquiry,Sample Individual Pay Inquiry question 72: What happened in payroll scenario 72?,Ground truth answer for synthetic payroll scenario 72.
73,Individual Pay Inquiry,Sample Individual Pay Inquiry question 73: What happened in payroll scenario 73?,Ground truth answer for synthetic payroll scenario 73.
74,Individual Pay Inquiry,Sample Individual Pay Inquiry question 74: What happened in payroll scenario 74?,Ground truth answer for synthetic payroll scenario 74.
75,Individual Pay Inquiry,Sample Individual Pay Inquiry question 75: What happened in payroll scenario 75?,Ground truth answer for synthetic payroll scenario 75.
76,Individual Pay Inquiry,Sample Individual Pay Inquiry question 76: What happened in payroll scenario 76?,Ground truth answer for synthetic payroll scenario 76.
77,Individual Pay Inquiry,Sample Individual Pay Inquiry question 77: What happened in payroll scenario 77?,Ground truth answer for synthetic payroll scenario 77.
78,Individual Pay Inquiry,Sample Individual Pay Inquiry question 78: What happened in payroll scenario 78?,Ground truth answer for synthetic payroll scenario 78.
79,Individual Pay Inquiry,Sample Individual Pay Inquiry question 79: What happened in payroll scenario 79?,Ground truth answer for synthetic payroll scenario 79.
80,Individual Pay Inquiry,Sample Individual Pay Inquiry question 80: What happened in payroll scenario 80?,Ground truth answer for synthetic payroll scenario 80.
81,Individual Pay Inquiry,Sample Individual Pay Inquiry question 81: What happened in payroll scenario 81?,Ground truth answer for synthetic payroll scenario 81.
82,Individual Pay Inquiry,Sample Individual Pay Inquiry question 82: What happened in payroll scenario 82?,Ground truth answer for synthetic payroll scenario 82.
83,Individual Pay Inquiry,Sample Individual Pay Inquiry question 83: What happened in payroll scenario 83?,Ground truth answer for synthetic payroll scenario 83.
84,Individual Pay Inquiry,Sample Individual Pay Inquiry question 84: What happened in payroll scenario 84?,Ground truth answer for synthetic payroll scenario 84.
85,Individual Pay Inquiry,Sample Individual Pay Inquiry question 85: What happened in payroll scenario 85?,Ground truth answer for synthetic payroll scenario 85.
86,Individual Pay Inquiry,Sample Individual Pay Inquiry question 86: What happened in payroll scenario 86?,Ground truth answer for synthetic payroll scenario 86.
87,Individual Pay Inquiry,Sample Individual Pay Inquiry question 87: What happened in payroll scenario 87?,Ground truth answer for synthetic payroll scenario 87.
88,Individual Pay Inquiry,Sample Individual Pay Inquiry question 88: What happened in payroll scenario 88?,Ground truth answer for synthetic payroll scenario 88.
89,Individual Pay Inquiry,Sample Individual Pay Inquiry question 89: What happened in payroll scenario 89?,Ground truth answer for synthetic payroll scenario 89.
90,Individual Pay Inquiry,Sample Individual Pay Inquiry question 90: What happened in payroll scenario 90?,Ground truth answer for synthetic payroll scenario 90.
91,Individual Pay Inquiry,Sample Individual Pay Inquiry question 91: What happened in payroll scenario 91?,Ground truth answer for synthetic payroll scenario 91.
92,Individual Pay Inquiry,Sample Individual Pay Inquiry question 92: What happened in payroll scenario 92?,Ground truth answer for synthetic payroll scenario 92.
93,Individual Pay Inquiry,Sample Individual Pay Inquiry question 93: What happened in payroll scenario 93?,Ground truth answer for synthetic payroll scenario 93.
94,Individual Pay Inquiry,Sample Individual Pay Inquiry question 94: What happened in payroll scenario 94?,Ground truth answer for synthetic payroll scenario 94.
95,Individual Pay Inquiry,Sample Individual Pay Inquiry question 95: What happened in payroll scenario 95?,Ground truth answer for synthetic payroll scenario 95.
96,Individual Pay Inquiry,Sample Individual Pay Inquiry question 96: What happened in payroll scenario 96?,Ground truth answer for synthetic payroll scenario 96.
97,Individual Pay Inquiry,Sample Individual Pay Inquiry question 97: What happened in payroll scenario 97?,Ground truth answer for synthetic payroll scenario 97.
98,Individual Pay Inquiry,Sample Individual Pay Inquiry question 98: What happened in payroll scenario 98?,Ground truth answer for synthetic payroll scenario 98.
99,Individual Pay Inquiry,Sample Individual Pay Inquiry question 99: What happened in payroll scenario 99?,Ground truth answer for synthetic payroll scenario 99.
100,Individual Pay Inquiry,Sample Individual Pay Inquiry question 100: What happened in payroll scenario 100?,Ground truth answer for synthetic payroll scenario 100.
101,Individual Pay Inquiry,Sample Individual Pay Inquiry question 101: What happened in payroll scenario 101?,Ground truth answer for synthetic payroll scenario 101.
102,Individual Pay Inquiry,Sample Individual Pay Inquiry question 102: What happened in payroll scenario 102?,Ground truth answer for synthetic payroll scenario 102.
103,Individual Pay Inquiry,Sample Individual Pay Inquiry question 103: What happened in payroll scenario 103?,Ground truth answer for synthetic payroll scenario 103.
104,Individual Pay Inquiry,Sample Individual Pay Inquiry question 104: What happened in payroll scenario 104?,Ground truth answer for synthetic payroll scenario 104.
105,Individual Pay Inquiry,Sample Individual Pay Inquiry question 105: What happened in payroll scenario 105?,Ground truth answer for synthetic payroll scenario 105.
106,Individual Pay Inquiry,Sample Individual Pay Inquiry question 106: What happened in payroll scenario 106?,Ground truth answer for synthetic payroll scenario 106.
107,Individual Pay Inquiry,Sample Individual Pay Inquiry question 107: What happened in payroll scenario 107?,Ground truth answer for synthetic payroll scenario 107.
108,Individual Pay Inquiry,Sample Individual Pay Inquiry question 108: What happened in payroll scenario 108?,Ground truth answer for synthetic payroll scenario 108.
109,Individual Pay Inquiry,Sample Individual Pay Inquiry question 109: What happened in payroll scenario 109?,Ground truth answer for synthetic payroll scenario 109.
110,Individual Pay Inquiry,Sample Individual Pay Inquiry question 110: What happened in payroll scenario 110?,Ground truth answer for synthetic payroll scenario 110.
111,Individual Pay Inquiry,Sample Individual Pay Inquiry question 111: What happened in payroll scenario 111?,Ground truth answer for synthetic payroll scenario 111.
112,Individual Pay Inquiry,Sample Individual Pay Inquiry question 112: What happened in payroll scenario 112?,Ground truth answer for synthetic payroll scenario 112.
113,Individual Pay Inquiry,Sample Individual Pay Inquiry question 113: What happened in payroll scenario 113?,Ground truth answer for synthetic payroll scenario 113.
114,Individual Pay Inquiry,Sample Individual Pay Inquiry question 114: What happened in payroll scenario 114?,Ground truth answer for synthetic payroll scenario 114.
115,Individual Pay Inquiry,Sample Individual Pay Inquiry question 115: What happened in payroll scenario 115?,Ground truth answer for synthetic payroll scenario 115.
116,Individual Pay Inquiry,Sample Individual Pay Inquiry question 116: What happened in payroll scenario 116?,Ground truth answer for synthetic payroll scenario 116.
117,Individual Pay Inquiry,Sample Individual Pay Inquiry question 117: What happened in payroll scenario 117?,Ground truth answer for synthetic payroll scenario 117.
118,Individual Pay Inquiry,Sample Individual Pay Inquiry question 118: What happened in payroll scenario 118?,Ground truth answer for synthetic payroll scenario 118.
119,Individual Pay Inquiry,Sample Individual Pay Inquiry question 119: What happened in payroll scenario 119?,Ground truth answer for synthetic payroll scenario 119.
120,Individual Pay Inquiry,Sample Individual Pay Inquiry question 120: What happened in payroll scenario 120?,Ground truth answer for synthetic payroll scenario 120.
121,Individual Pay Inquiry,Sample Individual Pay Inquiry question 121: What happened in payroll scenario 121?,Ground truth answer for synthetic payroll scenario 121.
122,Individual Pay Inquiry,Sample Individual Pay Inquiry question 122: What happened in payroll scenario 122?,Ground truth answer for synthetic payroll scenario 122.
123,Individual Pay Inquiry,Sample Individual Pay Inquiry question 123: What happened in payroll scenario 123?,Ground truth answer for synthetic payroll scenario 123.
124,Individual Pay Inquiry,Sample Individual Pay Inquiry question 124: What happened in payroll scenario 124?,Ground truth answer for synthetic payroll scenario 124.
125,Individual Pay Inquiry,Sample Individual Pay Inquiry question 125: What happened in payroll scenario 125?,Ground truth answer for synthetic payroll scenario 125.
126,Individual Pay Inquiry,Sample Individual Pay Inquiry question 126: What happened in payroll scenario 126?,Ground truth answer for synthetic payroll scenario 126.
127,Individual Pay Inquiry,Sample Individual Pay Inquiry question 127: What happened in payroll scenario 127?,Ground truth answer for synthetic payroll scenario 127.
128,Individual Pay Inquiry,Sample Individual Pay Inquiry question 128: What happened in payroll scenario 128?,Ground truth answer for synthetic payroll scenario 128.
129,Individual Pay Inquiry,Sample Individual Pay Inquiry question 129: What happened in payroll scenario 129?,Ground truth answer for synthetic payroll scenario 129.
130,Individual Pay Inquiry,Sample Individual Pay Inquiry question 130: What happened in payroll scenario 130?,Ground truth answer for synthetic payroll scenario 130.
131,Individual Pay Inquiry,Sample Individual Pay Inquiry question 131: What happened in payroll scenario 131?,Ground truth answer for synthetic payroll scenario 131.
132,Individual Pay Inquiry,Sample Individual Pay Inquiry question 132: What happened in payroll scenario 132?,Ground truth answer for synthetic payroll scenario 132.
133,Individual Pay Inquiry,Sample Individual Pay Inquiry question 133: What happened in payroll scenario 133?,Ground truth answer for synthetic payroll scenario 133.
134,Individual Pay Inquiry,Sample Individual Pay Inquiry question 134: What happened in payroll scenario 134?,Ground truth answer for synthetic payroll scenario 134.
135,Individual Pay Inquiry,Sample Individual Pay Inquiry question 135: What happened in payroll scenario 135?,Ground truth answer for synthetic payroll scenario 135.
136,Individual Pay Inquiry,Sample Individual Pay Inquiry question 136: What happened in payroll scenario 136?,Ground truth answer for synthetic payroll scenario 136.
137,Individual Pay Inquiry,Sample Individual Pay Inquiry question 137: What happened in payroll scenario 137?,Ground truth answer for synthetic payroll scenario 137.
138,Individual Pay Inquiry,Sample Individual Pay Inquiry question 138: What happened in payroll scenario 138?,Ground truth answer for synthetic payroll scenario 138.
139,Individual Pay Inquiry,Sample Individual Pay Inquiry question 139: What happened in payroll scenario 139?,Ground truth answer for synthetic payroll scenario 139.
140,Individual Pay Inquiry,Sample Individual Pay Inquiry question 140: What happened in payroll scenario 140?,Ground truth answer for synthetic payroll scenario 140.
141,Individual Pay Inquiry,Sample Individual Pay Inquiry question 141: What happened in payroll scenario 141?,Ground truth answer for synthetic payroll scenario 141.
142,Individual Pay Inquiry,Sample Individual Pay Inquiry question 142: What happened in payroll scenario 142?,Ground truth answer for synthetic payroll scenario 142.
143,Individual Pay Inquiry,Sample Individual Pay Inquiry question 143: What happened in payroll scenario 143?,Ground truth answer for synthetic payroll scenario 143.
144,Individual Pay Inquiry,Sample Individual Pay Inquiry question 144: What happened in payroll scenario 144?,Ground truth answer for synthetic payroll scenario 144.
145,Individual Pay Inquiry,Sample Individual Pay Inquiry question 145: What happened in payroll scenario 145?,Ground truth answer for synthetic payroll scenario 145.
146,Individual Pay Inquiry,Sample Individual Pay Inquiry question 146: What happened in payroll scenario 146?,Ground truth answer for synthetic payroll scenario 146.
147,Individual Pay Inquiry,Sample Individual Pay Inquiry question 147: What happened in payroll scenario 147?,Ground truth answer for synthetic payroll scenario 147.
148,Individual Pay Inquiry,Sample Individual Pay Inquiry question 148: What happened in payroll scenario 148?,Ground truth answer for synthetic payroll scenario 148.
149,Individual Pay Inquiry,Sample Individual Pay Inquiry question 149: What happened in payroll scenario 149?,Ground truth answer for synthetic payroll scenario 149.
150,Individual Pay Inquiry,Sample Individual Pay Inquiry question 150: What happened in payroll scenario 150?,Ground truth answer for synthetic payroll scenario 150.
151,Individual Pay Inquiry,Sample Individual Pay Inquiry question 151: What happened in payroll scenario 151?,Ground truth answer for synthetic payroll scenario 151.
152,Individual Pay Inquiry,Sample Individual Pay Inquiry question 152: What happened in payroll scenario 152?,Ground truth answer for synthetic payroll scenario 152.
153,Individual Pay Inquiry,Sample Individual Pay Inquiry question 153: What happened in payroll scenario 153?,Ground truth answer for synthetic payroll scenario 153.
154,Individual Pay Inquiry,Sample Individual Pay Inquiry question 154: What happened in payroll scenario 154?,Ground truth answer for synthetic payroll scenario 154.
155,Individual Pay Inquiry,Sample Individual Pay Inquiry question 155: What happened in payroll scenario 155?,Ground truth answer for synthetic payroll scenario 155.
156,Individual Pay Inquiry,Sample Individual Pay Inquiry question 156: What happened in payroll scenario 156?,Ground truth answer for synthetic payroll scenario 156.
157,Individual Pay Inquiry,Sample Individual Pay Inquiry question 157: What happened in payroll scenario 157?,Ground truth answer for synthetic payroll scenario 157.
158,Individual Pay Inquiry,Sample Individual Pay Inquiry question 158: What happened in payroll scenario 158?,Ground truth answer for synthetic payroll scenario 158.
159,Individual Pay Inquiry,Sample Individual Pay Inquiry question 159: What happened in payroll scenario 159?,Ground truth answer for synthetic payroll scenario 159.
160,Individual Pay Inquiry,Sample Individual Pay Inquiry question 160: What happened in payroll scenario 160?,Ground truth answer for synthetic payroll scenario 160.
161,Individual Pay Inquiry,Sample Individual Pay Inquiry question 161: What happened in payroll scenario 161?,Ground truth answer for synthetic payroll scenario 161.
162,Individual Pay Inquiry,Sample Individual Pay Inquiry question 162: What happened in payroll scenario 162?,Ground truth answer for synthetic payroll scenario 162.
163,Individual Pay Inquiry,Sample Individual Pay Inquiry question 163: What happened in payroll scenario 163?,Ground truth answer for synthetic payroll scenario 163.
164,Individual Pay Inquiry,Sample Individual Pay Inquiry question 164: What happened in payroll scenario 164?,Ground truth answer for synthetic payroll scenario 164.
165,Individual Pay Inquiry,Sample Individual Pay Inquiry question 165: What happened in payroll scenario 165?,Ground truth answer for synthetic payroll scenario 165.
166,Individual Pay Inquiry,Sample Individual Pay Inquiry question 166: What happened in payroll scenario 166?,Ground truth answer for synthetic payroll scenario 166.
167,Individual Pay Inquiry,Sample Individual Pay Inquiry question 167: What happened in payroll scenario 167?,Ground truth answer for synthetic payroll scenario 167.
168,Individual Pay Inquiry,Sample Individual Pay Inquiry question 168: What happened in payroll scenario 168?,Ground truth answer for synthetic payroll scenario 168.
169,Individual Pay Inquiry,Sample Individual Pay Inquiry question 169: What happened in payroll scenario 169?,Ground truth answer for synthetic payroll scenario 169.
170,Individual Pay Inquiry,Sample Individual Pay Inquiry question 170: What happened in payroll scenario 170?,Ground truth answer for synthetic payroll scenario 170.
171,Individual Pay Inquiry,Sample Individual Pay Inquiry question 171: What happened in payroll scenario 171?,Ground truth answer for synthetic payroll scenario 171.
172,Individual Pay Inquiry,Sample Individual Pay Inquiry question 172: What happened in payroll scenario 172?,Ground truth answer for synthetic payroll scenario 172.
173,Individual Pay Inquiry,Sample Individual Pay Inquiry question 173: What happened in payroll scenario 173?,Ground truth answer for synthetic payroll scenario 173.
174,Individual Pay Inquiry,Sample Individual Pay Inquiry question 174: What happened in payroll scenario 174?,Ground truth answer for synthetic payroll scenario 174.
175,Individual Pay Inquiry,Sample Individual Pay Inquiry question 175: What happened in payroll scenario 175?,Ground truth answer for synthetic payroll scenario 175.
176,Individual Pay Inquiry,Sample Individual Pay Inquiry question 176: What happened in payroll scenario 176?,Ground truth answer for synthetic payroll scenario 176.
177,Individual Pay Inquiry,Sample Individual Pay Inquiry question 177: What happened in payroll scenario 177?,Ground truth answer for synthetic payroll scenario 177.
178,Individual Pay Inquiry,Sample Individual Pay Inquiry question 178: What happened in payroll scenario 178?,Ground truth answer for synthetic payroll scenario 178.
179,Individual Pay Inquiry,Sample Individual Pay Inquiry question 179: What happened in payroll scenario 179?,Ground truth answer for synthetic payroll scenario 179.
180,Individual Pay Inquiry,Sample Individual Pay Inquiry question 180: What happened in payroll scenario 180?,Ground truth answer for synthetic payroll scenario 180.
181,Individual Pay Inquiry,Sample Individual Pay Inquiry question 181: What happened in payroll scenario 181?,Ground truth answer for synthetic payroll scenario 181.
182,Individual Pay Inquiry,Sample Individual Pay Inquiry question 182: What happened in payroll scenario 182?,Ground truth answer for synthetic payroll scenario 182.
183,Individual Pay Inquiry,Sample Individual Pay Inquiry question 183: What happened in payroll scenario 183?,Ground truth answer for synthetic payroll scenario 183.
184,Individual Pay Inquiry,Sample Individual Pay Inquiry question 184: What happened in payroll scenario 184?,Ground truth answer for synthetic payroll scenario 184.
185,Individual Pay Inquiry,Sample Individual Pay Inquiry question 185: What happened in payroll scenario 185?,Ground truth answer for synthetic payroll scenario 185.
186,Individual Pay Inquiry,Sample Individual Pay Inquiry question 186: What happened in payroll scenario 186?,Ground truth answer for synthetic payroll scenario 186.
187,Individual Pay Inquiry,Sample Individual Pay Inquiry question 187: What happened in payroll scenario 187?,Ground truth answer for synthetic payroll scenario 187.
188,Individual Pay Inquiry,Sample Individual Pay Inquiry question 188: What happened in payroll scenario 188?,Ground truth answer for synthetic payroll scenario 188.
189,Individual Pay Inquiry,Sample Individual Pay Inquiry question 189: What happened in payroll scenario 189?,Ground truth answer for synthetic payroll scenario 189.
190,Individual Pay Inquiry,Sample Individual Pay Inquiry question 190: What happened in payroll scenario 190?,Ground truth answer for synthetic payroll scenario 190.
191,Individual Pay Inquiry,Sample Individual Pay Inquiry question 191: What happened in payroll scenario 191?,Ground truth answer for synthetic payroll scenario 191.
192,Individual Pay Inquiry,Sample Individual Pay Inquiry question 192: What happened in payroll scenario 192?,Ground truth answer for synthetic payroll scenario 192.
193,Individual Pay Inquiry,Sample Individual Pay Inquiry question 193: What happened in payroll scenario 193?,Ground truth answer for synthetic payroll scenario 193.
194,Individual Pay Inquiry,Sample Individual Pay Inquiry question 194: What happened in payroll scenario 194?,Ground truth answer for synthetic payroll scenario 194.
195,Individual Pay Inquiry,Sample Individual Pay Inquiry question 195: What happened in payroll scenario 195?,Ground truth answer for synthetic payroll scenario 195.
196,Individual Pay Inquiry,Sample Individual Pay Inquiry question 196: What happened in payroll scenario 196?,Ground truth answer for synthetic payroll scenario 196.
197,Individual Pay Inquiry,Sample Individual Pay Inquiry question 197: What happened in payroll scenario 197?,Ground truth answer for synthetic payroll scenario 197.
198,Individual Pay Inquiry,Sample Individual Pay Inquiry question 198: What happened in payroll scenario 198?,Ground truth answer for synthetic payroll scenario 198.
199,Individual Pay Inquiry,Sample Individual Pay Inquiry question 199: What happened in payroll scenario 199?,Ground truth answer for synthetic payroll scenario 199.
200,Individual Pay Inquiry,Sample Individual Pay Inquiry question 200: What happened in payroll scenario 200?,Ground truth answer for synthetic payroll scenario 200.
201,Population Query,Sample Population Query question 1: What happened in payroll scenario 201?,Ground truth answer for synthetic payroll scenario 201.
202,Population Query,Sample Population Query question 2: What happened in payroll scenario 202?,Ground truth answer for synthetic payroll scenario 202.
203,Population Query,Sample Population Query question 3: What happened in payroll scenario 203?,Ground truth answer for synthetic payroll scenario 203.
204,Population Query,Sample Population Query question 4: What happened in payroll scenario 204?,Ground truth answer for synthetic payroll scenario 204.
205,Population Query,Sample Population Query question 5: What happened in payroll scenario 205?,Ground truth answer for synthetic payroll scenario 205.
206,Population Query,Sample Population Query question 6: What happened in payroll scenario 206?,Ground truth answer for synthetic payroll scenario 206.
207,Population Query,Sample Population Query question 7: What happened in payroll scenario 207?,Ground truth answer for synthetic payroll scenario 207.
208,Population Query,Sample Population Query question 8: What happened in payroll scenario 208?,Ground truth answer for synthetic payroll scenario 208.
209,Population Query,Sample Population Query question 9: What happened in payroll scenario 209?,Ground truth answer for synthetic payroll scenario 209.
210,Population Query,Sample Population Query question 10: What happened in payroll scenario 210?,Ground truth answer for synthetic payroll scenario 210.
211,Population Query,Sample Population Query question 11: What happened in payroll scenario 211?,Ground truth answer for synthetic payroll scenario 211.
212,Population Query,Sample Population Query question 12: What happened in payroll scenario 212?,Ground truth answer for synthetic payroll scenario 212.
213,Population Query,Sample Population Query question 13: What happened in payroll scenario 213?,Ground truth answer for synthetic payroll scenario 213.
214,Population Query,Sample Population Query question 14: What happened in payroll scenario 214?,Ground truth answer for synthetic payroll scenario 214.
215,Population Query,Sample Population Query question 15: What happened in payroll scenario 215?,Ground truth answer for synthetic payroll scenario 215.
216,Population Query,Sample Population Query question 16: What happened in payroll scenario 216?,Ground truth answer for synthetic payroll scenario 216.
217,Population Query,Sample Population Query question 17: What happened in payroll scenario 217?,Ground truth answer for synthetic payroll scenario 217.
218,Population Query,Sample Population Query question 18: What happened in payroll scenario 218?,Ground truth answer for synthetic payroll scenario 218.
219,Population Query,Sample Population Query question 19: What happened in payroll scenario 219?,Ground truth answer for synthetic payroll scenario 219.
220,Population Query,Sample Population Query question 20: What happened in payroll scenario 220?,Ground truth answer for synthetic payroll scenario 220.
221,Population Query,Sample Population Query question 21: What happened in payroll scenario 221?,Ground truth answer for synthetic payroll scenario 221.
222,Population Query,Sample Population Query question 22: What happened in payroll scenario 222?,Ground truth answer for synthetic payroll scenario 222.
223,Population Query,Sample Population Query question 23: What happened in payroll scenario 223?,Ground truth answer for synthetic payroll scenario 223.
224,Population Query,Sample Population Query question 24: What happened in payroll scenario 224?,Ground truth answer for synthetic payroll scenario 224.
225,Population Query,Sample Population Query question 25: What happened in payroll scenario 225?,Ground truth answer for synthetic payroll scenario 225.
226,Population Query,Sample Population Query question 26: What happened in payroll scenario 226?,Ground truth answer for synthetic payroll scenario 226.
227,Population Query,Sample Population Query question 27: What happened in payroll scenario 227?,Ground truth answer for synthetic payroll scenario 227.
228,Population Query,Sample Population Query question 28: What happened in payroll scenario 228?,Ground truth answer for synthetic payroll scenario 228.
229,Population Query,Sample Population Query question 29: What happened in payroll scenario 229?,Ground truth answer for synthetic payroll scenario 229.
230,Population Query,Sample Population Query question 30: What happened in payroll scenario 230?,Ground truth answer for synthetic payroll scenario 230.
231,Population Query,Sample Population Query question 31: What happened in payroll scenario 231?,Ground truth answer for synthetic payroll scenario 231.
232,Population Query,Sample Population Query question 32: What happened in payroll scenario 232?,Ground truth answer for synthetic payroll scenario 232.
233,Population Query,Sample Population Query question 33: What happened in payroll scenario 233?,Ground truth answer for synthetic payroll scenario 233.
234,Population Query,Sample Population Query question 34: What happened in payroll scenario 234?,Ground truth answer for synthetic payroll scenario 234.
235,Population Query,Sample Population Query question 35: What happened in payroll scenario 235?,Ground truth answer for synthetic payroll scenario 235.
236,Population Query,Sample Population Query question 36: What happened in payroll scenario 236?,Ground truth answer for synthetic payroll scenario 236.
237,Population Query,Sample Population Query question 37: What happened in payroll scenario 237?,Ground truth answer for synthetic payroll scenario 237.
238,Population Query,Sample Population Query question 38: What happened in payroll scenario 238?,Ground truth answer for synthetic payroll scenario 238.
239,Population Query,Sample Population Query question 39: What happened in payroll scenario 239?,Ground truth answer for synthetic payroll scenario 239.
240,Population Query,Sample Population Query question 40: What happened in payroll scenario 240?,Ground truth answer for synthetic payroll scenario 240.
241,Population Query,Sample Population Query question 41: What happened in payroll scenario 241?,Ground truth answer for synthetic payroll scenario 241.
242,Population Query,Sample Population Query question 42: What happened in payroll scenario 242?,Ground truth answer for synthetic payroll scenario 242.
243,Population Query,Sample Population Query question 43: What happened in payroll scenario 243?,Ground truth answer for synthetic payroll scenario 243.
244,Population Query,Sample Population Query question 44: What happened in payroll scenario 244?,Ground truth answer for synthetic payroll scenario 244.
245,Population Query,Sample Population Query question 45: What happened in payroll scenario 245?,Ground truth answer for synthetic payroll scenario 245.
246,Population Query,Sample Population Query question 46: What happened in payroll scenario 246?,Ground truth answer for synthetic payroll scenario 246.
247,Population Query,Sample Population Query question 47: What happened in payroll scenario 247?,Ground truth answer for synthetic payroll scenario 247.
248,Population Query,Sample Population Query question 48: What happened in payroll scenario 248?,Ground truth answer for synthetic payroll scenario 248.
249,Population Query,Sample Population Query question 49: What happened in payroll scenario 249?,Ground truth answer for synthetic payroll scenario 249.
250,Population Query,Sample Population Query question 50: What happened in payroll scenario 250?,Ground truth answer for synthetic payroll scenario 250.
251,Population Query,Sample Population Query question 51: What happened in payroll scenario 251?,Ground truth answer for synthetic payroll scenario 251.
252,Population Query,Sample Population Query question 52: What happened in payroll scenario 252?,Ground truth answer for synthetic payroll scenario 252.
253,Population Query,Sample Population Query question 53: What happened in payroll scenario 253?,Ground truth answer for synthetic payroll scenario 253.
254,Population Query,Sample Population Query question 54: What happened in payroll scenario 254?,Ground truth answer for synthetic payroll scenario 254.
255,Population Query,Sample Population Query question 55: What happened in payroll scenario 255?,Ground truth answer for synthetic payroll scenario 255.
256,Population Query,Sample Population Query question 56: What happened in payroll scenario 256?,Ground truth answer for synthetic payroll scenario 256.
257,Population Query,Sample Population Query question 57: What happened in payroll scenario 257?,Ground truth answer for synthetic payroll scenario 257.
258,Population Query,Sample Population Query question 58: What happened in payroll scenario 258?,Ground truth answer for synthetic payroll scenario 258.
259,Population Query,Sample Population Query question 59: What happened in payroll scenario 259?,Ground truth answer for synthetic payroll scenario 259.
260,Population Query,Sample Population Query question 60: What happened in payroll scenario 260?,Ground truth answer for synthetic payroll scenario 260.
261,Population Query,Sample Population Query question 61: What happened in payroll scenario 261?,Ground truth answer for synthetic payroll scenario 261.
262,Population Query,Sample Population Query question 62: What happened in payroll scenario 262?,Ground truth answer for synthetic payroll scenario 262.
263,Population Query,Sample Population Query question 63: What happened in payroll scenario 263?,Ground truth answer for synthetic payroll scenario 263.
264,Population Query,Sample Population Query question 64: What happened in payroll scenario 264?,Ground truth answer for synthetic payroll scenario 264.
265,Population Query,Sample Population Query question 65: What happened in payroll scenario 265?,Ground truth answer for synthetic payroll scenario 265.
266,Population Query,Sample Population Query question 66: What happened in payroll scenario 266?,Ground truth answer for synthetic payroll scenario 266.
267,Population Query,Sample Population Query question 67: What happened in payroll scenario 267?,Ground truth answer for synthetic payroll scenario 267.
268,Population Query,Sample Population Query question 68: What happened in payroll scenario 268?,Ground truth answer for synthetic payroll scenario 268.
269,Population Query,Sample Population Query question 69: What happened in payroll scenario 269?,Ground truth answer for synthetic payroll scenario 269.
270,Population Query,Sample Population Query question 70: What happened in payroll scenario 270?,Ground truth answer for synthetic payroll scenario 270.
271,Population Query,Sample Population Query question 71: What happened in payroll scenario 271?,Ground truth answer for synthetic payroll scenario 271.
272,Population Query,Sample Population Query question 72: What happened in payroll scenario 272?,Ground truth answer for synthetic payroll scenario 272.
273,Population Query,Sample Population Query question 73: What happened in payroll scenario 273?,Ground truth answer for synthetic payroll scenario 273.
274,Population Query,Sample Population Query question 74: What happened in payroll scenario 274?,Ground truth answer for synthetic payroll scenario 274.
275,Population Query,Sample Population Query question 75: What happened in payroll scenario 275?,Ground truth answer for synthetic payroll scenario 275.
276,Population Query,Sample Population Query question 76: What happened in payroll scenario 276?,Ground truth answer for synthetic payroll scenario 276.
277,Population Query,Sample Population Query question 77: What happened in payroll scenario 277?,Ground truth answer for synthetic payroll scenario 277.
278,Population Query,Sample Population Query question 78: What happened in payroll scenario 278?,Ground truth answer for synthetic payroll scenario 278.
279,Population Query,Sample Population Query question 79: What happened in payroll scenario 279?,Ground truth answer for synthetic payroll scenario 279.
280,Population Query,Sample Population Query question 80: What happened in payroll scenario 280?,Ground truth answer for synthetic payroll scenario 280.
281,Population Query,Sample Population Query question 81: What happened in payroll scenario 281?,Ground truth answer for synthetic payroll scenario 281.
282,Population Query,Sample Population Query question 82: What happened in payroll scenario 282?,Ground truth answer for synthetic payroll scenario 282.
283,Population Query,Sample Population Query question 83: What happened in payroll scenario 283?,Ground truth answer for synthetic payroll scenario 283.
284,Population Query,Sample Population Query question 84: What happened in payroll scenario 284?,Ground truth answer for synthetic payroll scenario 284.
285,Population Query,Sample Population Query question 85: What happened in payroll scenario 285?,Ground truth answer for synthetic payroll scenario 285.
286,Population Query,Sample Population Query question 86: What happened in payroll scenario 286?,Ground truth answer for synthetic payroll scenario 286.
287,Population Query,Sample Population Query question 87: What happened in payroll scenario 287?,Ground truth answer for synthetic payroll scenario 287.
288,Population Query,Sample Population Query question 88: What happened in payroll scenario 288?,Ground truth answer for synthetic payroll scenario 288.
289,Population Query,Sample Population Query question 89: What happened in payroll scenario 289?,Ground truth answer for synthetic payroll scenario 289.
290,Population Query,Sample Population Query question 90: What happened in payroll scenario 290?,Ground truth answer for synthetic payroll scenario 290.
291,Population Query,Sample Population Query question 91: What happened in payroll scenario 291?,Ground truth answer for synthetic payroll scenario 291.
292,Population Query,Sample Population Query question 92: What happened in payroll scenario 292?,Ground truth answer for synthetic payroll scenario 292.
293,Population Query,Sample Population Query question 93: What happened in payroll scenario 293?,Ground truth answer for synthetic payroll scenario 293.
294,Population Query,Sample Population Query question 94: What happened in payroll scenario 294?,Ground truth answer for synthetic payroll scenario 294.
295,Population Query,Sample Population Query question 95: What happened in payroll scenario 295?,Ground truth answer for synthetic payroll scenario 295.
296,Population Query,Sample Population Query question 96: What happened in payroll scenario 296?,Ground truth answer for synthetic payroll scenario 296.
297,Population Query,Sample Population Query question 97: What happened in payroll scenario 297?,Ground truth answer for synthetic payroll scenario 297.
298,Population Query,Sample Population Query question 98: What happened in payroll scenario 298?,Ground truth answer for synthetic payroll scenario 298.
299,Population Query,Sample Population Query question 99: What happened in payroll scenario 299?,Ground truth answer for synthetic payroll scenario 299.
300,Population Query,Sample Population Query question 100: What happened in payroll scenario 300?,Ground truth answer for synthetic payroll scenario 300.
301,Population Query,Sample Population Query question 101: What happened in payroll scenario 301?,Ground truth answer for synthetic payroll scenario 301.
302,Population Query,Sample Population Query question 102: What happened in payroll scenario 302?,Ground truth answer for synthetic payroll scenario 302.
303,Population Query,Sample Population Query question 103: What happened in payroll scenario 303?,Ground truth answer for synthetic payroll scenario 303.
304,Population Query,Sample Population Query question 104: What happened in payroll scenario 304?,Ground truth answer for synthetic payroll scenario 304.
305,Population Query,Sample Population Query question 105: What happened in payroll scenario 305?,Ground truth answer for synthetic payroll scenario 305.
306,Population Query,Sample Population Query question 106: What happened in payroll scenario 306?,Ground truth answer for synthetic payroll scenario 306.
307,Population Query,Sample Population Query question 107: What happened in payroll scenario 307?,Ground truth answer for synthetic payroll scenario 307.
308,Population Query,Sample Population Query question 108: What happened in payroll scenario 308?,Ground truth answer for synthetic payroll scenario 308.
309,Population Query,Sample Population Query question 109: What happened in payroll scenario 309?,Ground truth answer for synthetic payroll scenario 309.
310,Population Query,Sample Population Query question 110: What happened in payroll scenario 310?,Ground truth answer for synthetic payroll scenario 310.
311,Population Query,Sample Population Query question 111: What happened in payroll scenario 311?,Ground truth answer for synthetic payroll scenario 311.
312,Population Query,Sample Population Query question 112: What happened in payroll scenario 312?,Ground truth answer for synthetic payroll scenario 312.
313,Population Query,Sample Population Query question 113: What happened in payroll scenario 313?,Ground truth answer for synthetic payroll scenario 313.
314,Population Query,Sample Population Query question 114: What happened in payroll scenario 314?,Ground truth answer for synthetic payroll scenario 314.
315,Population Query,Sample Population Query question 115: What happened in payroll scenario 315?,Ground truth answer for synthetic payroll scenario 315.
316,Population Query,Sample Population Query question 116: What happened in payroll scenario 316?,Ground truth answer for synthetic payroll scenario 316.
317,Population Query,Sample Population Query question 117: What happened in payroll scenario 317?,Ground truth answer for synthetic payroll scenario 317.
318,Population Query,Sample Population Query question 118: What happened in payroll scenario 318?,Ground truth answer for synthetic payroll scenario 318.
319,Population Query,Sample Population Query question 119: What happened in payroll scenario 319?,Ground truth answer for synthetic payroll scenario 319.
320,Population Query,Sample Population Query question 120: What happened in payroll scenario 320?,Ground truth answer for synthetic payroll scenario 320.
321,Population Query,Sample Population Query question 121: What happened in payroll scenario 321?,Ground truth answer for synthetic payroll scenario 321.
322,Population Query,Sample Population Query question 122: What happened in payroll scenario 322?,Ground truth answer for synthetic payroll scenario 322.
323,Population Query,Sample Population Query question 123: What happened in payroll scenario 323?,Ground truth answer for synthetic payroll scenario 323.
324,Population Query,Sample Population Query question 124: What happened in payroll scenario 324?,Ground truth answer for synthetic payroll scenario 324.
325,Population Query,Sample Population Query question 125: What happened in payroll scenario 325?,Ground truth answer for synthetic payroll scenario 325.
326,Population Query,Sample Population Query question 126: What happened in payroll scenario 326?,Ground truth answer for synthetic payroll scenario 326.
327,Population Query,Sample Population Query question 127: What happened in payroll scenario 327?,Ground truth answer for synthetic payroll scenario 327.
328,Population Query,Sample Population Query question 128: What happened in payroll scenario 328?,Ground truth answer for synthetic payroll scenario 328.
329,Population Query,Sample Population Query question 129: What happened in payroll scenario 329?,Ground truth answer for synthetic payroll scenario 329.
330,Population Query,Sample Population Query question 130: What happened in payroll scenario 330?,Ground truth answer for synthetic payroll scenario 330.
331,Population Query,Sample Population Query question 131: What happened in payroll scenario 331?,Ground truth answer for synthetic payroll scenario 331.
332,Population Query,Sample Population Query question 132: What happened in payroll scenario 332?,Ground truth answer for synthetic payroll scenario 332.
333,Population Query,Sample Population Query question 133: What happened in payroll scenario 333?,Ground truth answer for synthetic payroll scenario 333.
334,Population Query,Sample Population Query question 134: What happened in payroll scenario 334?,Ground truth answer for synthetic payroll scenario 334.
335,Population Query,Sample Population Query question 135: What happened in payroll scenario 335?,Ground truth answer for synthetic payroll scenario 335.
336,Population Query,Sample Population Query question 136: What happened in payroll scenario 336?,Ground truth answer for synthetic payroll scenario 336.
337,Population Query,Sample Population Query question 137: What happened in payroll scenario 337?,Ground truth answer for synthetic payroll scenario 337.
338,Population Query,Sample Population Query question 138: What happened in payroll scenario 338?,Ground truth answer for synthetic payroll scenario 338.
339,Population Query,Sample Population Query question 139: What happened in payroll scenario 339?,Ground truth answer for synthetic payroll scenario 339.
340,Population Query,Sample Population Query question 140: What happened in payroll scenario 340?,Ground truth answer for synthetic payroll scenario 340.
341,Population Query,Sample Population Query question 141: What happened in payroll scenario 341?,Ground truth answer for synthetic payroll scenario 341.
342,Population Query,Sample Population Query question 142: What happened in payroll scenario 342?,Ground truth answer for synthetic payroll scenario 342.
343,Population Query,Sample Population Query question 143: What happened in payroll scenario 343?,Ground truth answer for synthetic payroll scenario 343.
344,Population Query,Sample Population Query question 144: What happened in payroll scenario 344?,Ground truth answer for synthetic payroll scenario 344.
345,Population Query,Sample Population Query question 145: What happened in payroll scenario 345?,Ground truth answer for synthetic payroll scenario 345.
346,Population Query,Sample Population Query question 146: What happened in payroll scenario 346?,Ground truth answer for synthetic payroll scenario 346.
347,Population Query,Sample Population Query question 147: What happened in payroll scenario 347?,Ground truth answer for synthetic payroll scenario 347.
348,Population Query,Sample Population Query question 148: What happened in payroll scenario 348?,Ground truth answer for synthetic payroll scenario 348.
349,Population Query,Sample Population Query question 149: What happened in payroll scenario 349?,Ground truth answer for synthetic payroll scenario 349.
350,Population Query,Sample Population Query question 150: What happened in payroll scenario 350?,Ground truth answer for synthetic payroll scenario 350.
351,Compliance Audit,Sample Compliance Audit question 1: What happened in payroll scenario 351?,Ground truth answer for synthetic payroll scenario 351.
352,Compliance Audit,Sample Compliance Audit question 2: What happened in payroll scenario 352?,Ground truth answer for synthetic payroll scenario 352.
353,Compliance Audit,Sample Compliance Audit question 3: What happened in payroll scenario 353?,Ground truth answer for synthetic payroll scenario 353.
354,Compliance Audit,Sample Compliance Audit question 4: What happened in payroll scenario 354?,Ground truth answer for synthetic payroll scenario 354.
355,Compliance Audit,Sample Compliance Audit question 5: What happened in payroll scenario 355?,Ground truth answer for synthetic payroll scenario 355.
356,Compliance Audit,Sample Compliance Audit question 6: What happened in payroll scenario 356?,Ground truth answer for synthetic payroll scenario 356.
357,Compliance Audit,Sample Compliance Audit question 7: What happened in payroll scenario 357?,Ground truth answer for synthetic payroll scenario 357.
358,Compliance Audit,Sample Compliance Audit question 8: What happened in payroll scenario 358?,Ground truth answer for synthetic payroll scenario 358.
359,Compliance Audit,Sample Compliance Audit question 9: What happened in payroll scenario 359?,Ground truth answer for synthetic payroll scenario 359.
360,Compliance Audit,Sample Compliance Audit question 10: What happened in payroll scenario 360?,Ground truth answer for synthetic payroll scenario 360.
361,Compliance Audit,Sample Compliance Audit question 11: What happened in payroll scenario 361?,Ground truth answer for synthetic payroll scenario 361.
362,Compliance Audit,Sample Compliance Audit question 12: What happened in payroll scenario 362?,Ground truth answer for synthetic payroll scenario 362.
363,Compliance Audit,Sample Compliance Audit question 13: What happened in payroll scenario 363?,Ground truth answer for synthetic payroll scenario 363.
364,Compliance Audit,Sample Compliance Audit question 14: What happened in payroll scenario 364?,Ground truth answer for synthetic payroll scenario 364.
365,Compliance Audit,Sample Compliance Audit question 15: What happened in payroll scenario 365?,Ground truth answer for synthetic payroll scenario 365.
366,Compliance Audit,Sample Compliance Audit question 16: What happened in payroll scenario 366?,Ground truth answer for synthetic payroll scenario 366.
367,Compliance Audit,Sample Compliance Audit question 17: What happened in payroll scenario 367?,Ground truth answer for synthetic payroll scenario 367.
368,Compliance Audit,Sample Compliance Audit question 18: What happened in payroll scenario 368?,Ground truth answer for synthetic payroll scenario 368.
369,Compliance Audit,Sample Compliance Audit question 19: What happened in payroll scenario 369?,Ground truth answer for synthetic payroll scenario 369.
370,Compliance Audit,Sample Compliance Audit question 20: What happened in payroll scenario 370?,Ground truth answer for synthetic payroll scenario 370.
371,Compliance Audit,Sample Compliance Audit question 21: What happened in payroll scenario 371?,Ground truth answer for synthetic payroll scenario 371.
372,Compliance Audit,Sample Compliance Audit question 22: What happened in payroll scenario 372?,Ground truth answer for synthetic payroll scenario 372.
373,Compliance Audit,Sample Compliance Audit question 23: What happened in payroll scenario 373?,Ground truth answer for synthetic payroll scenario 373.
374,Compliance Audit,Sample Compliance Audit question 24: What happened in payroll scenario 374?,Ground truth answer for synthetic payroll scenario 374.
375,Compliance Audit,Sample Compliance Audit question 25: What happened in payroll scenario 375?,Ground truth answer for synthetic payroll scenario 375.
376,Compliance Audit,Sample Compliance Audit question 26: What happened in payroll scenario 376?,Ground truth answer for synthetic payroll scenario 376.
377,Compliance Audit,Sample Compliance Audit question 27: What happened in payroll scenario 377?,Ground truth answer for synthetic payroll scenario 377.
378,Compliance Audit,Sample Compliance Audit question 28: What happened in payroll scenario 378?,Ground truth answer for synthetic payroll scenario 378.
379,Compliance Audit,Sample Compliance Audit question 29: What happened in payroll scenario 379?,Ground truth answer for synthetic payroll scenario 379.
380,Compliance Audit,Sample Compliance Audit question 30: What happened in payroll scenario 380?,Ground truth answer for synthetic payroll scenario 380.
381,Compliance Audit,Sample Compliance Audit question 31: What happened in payroll scenario 381?,Ground truth answer for synthetic payroll scenario 381.
382,Compliance Audit,Sample Compliance Audit question 32: What happened in payroll scenario 382?,Ground truth answer for synthetic payroll scenario 382.
383,Compliance Audit,Sample Compliance Audit question 33: What happened in payroll scenario 383?,Ground truth answer for synthetic payroll scenario 383.
384,Compliance Audit,Sample Compliance Audit question 34: What happened in payroll scenario 384?,Ground truth answer for synthetic payroll scenario 384.
385,Compliance Audit,Sample Compliance Audit question 35: What happened in payroll scenario 385?,Ground truth answer for synthetic payroll scenario 385.
386,Compliance Audit,Sample Compliance Audit question 36: What happened in payroll scenario 386?,Ground truth answer for synthetic payroll scenario 386.
387,Compliance Audit,Sample Compliance Audit question 37: What happened in payroll scenario 387?,Ground truth answer for synthetic payroll scenario 387.
388,Compliance Audit,Sample Compliance Audit question 38: What happened in payroll scenario 388?,Ground truth answer for synthetic payroll scenario 388.
389,Compliance Audit,Sample Compliance Audit question 39: What happened in payroll scenario 389?,Ground truth answer for synthetic payroll scenario 389.
390,Compliance Audit,Sample Compliance Audit question 40: What happened in payroll scenario 390?,Ground truth answer for synthetic payroll scenario 390.
391,Compliance Audit,Sample Compliance Audit question 41: What happened in payroll scenario 391?,Ground truth answer for synthetic payroll scenario 391.
392,Compliance Audit,Sample Compliance Audit question 42: What happened in payroll scenario 392?,Ground truth answer for synthetic payroll scenario 392.
393,Compliance Audit,Sample Compliance Audit question 43: What happened in payroll scenario 393?,Ground truth answer for synthetic payroll scenario 393.
394,Compliance Audit,Sample Compliance Audit question 44: What happened in payroll scenario 394?,Ground truth answer for synthetic payroll scenario 394.
395,Compliance Audit,Sample Compliance Audit question 45: What happened in payroll scenario 395?,Ground truth answer for synthetic payroll scenario 395.
396,Compliance Audit,Sample Compliance Audit question 46: What happened in payroll scenario 396?,Ground truth answer for synthetic payroll scenario 396.
397,Compliance Audit,Sample Compliance Audit question 47: What happened in payroll scenario 397?,Ground truth answer for synthetic payroll scenario 397.
398,Compliance Audit,Sample Compliance Audit question 48: What happened in payroll scenario 398?,Ground truth answer for synthetic payroll scenario 398.
399,Compliance Audit,Sample Compliance Audit question 49: What happened in payroll scenario 399?,Ground truth answer for synthetic payroll scenario 399.
400,Compliance Audit,Sample Compliance Audit question 50: What happened in payroll scenario 400?,Ground truth answer for synthetic payroll scenario 400.
401,Compliance Audit,Sample Compliance Audit question 51: What happened in payroll scenario 401?,Ground truth answer for synthetic payroll scenario 401.
402,Compliance Audit,Sample Compliance Audit question 52: What happened in payroll scenario 402?,Ground truth answer for synthetic payroll scenario 402.
403,Compliance Audit,Sample Compliance Audit question 53: What happened in payroll scenario 403?,Ground truth answer for synthetic payroll scenario 403.
404,Compliance Audit,Sample Compliance Audit question 54: What happened in payroll scenario 404?,Ground truth answer for synthetic payroll scenario 404.
405,Compliance Audit,Sample Compliance Audit question 55: What happened in payroll scenario 405?,Ground truth answer for synthetic payroll scenario 405.
406,Compliance Audit,Sample Compliance Audit question 56: What happened in payroll scenario 406?,Ground truth answer for synthetic payroll scenario 406.
407,Compliance Audit,Sample Compliance Audit question 57: What happened in payroll scenario 407?,Ground truth answer for synthetic payroll scenario 407.
408,Compliance Audit,Sample Compliance Audit question 58: What happened in payroll scenario 408?,Ground truth answer for synthetic payroll scenario 408.
409,Compliance Audit,Sample Compliance Audit question 59: What happened in payroll scenario 409?,Ground truth answer for synthetic payroll scenario 409.
410,Compliance Audit,Sample Compliance Audit question 60: What happened in payroll scenario 410?,Ground truth answer for synthetic payroll scenario 410.
411,Compliance Audit,Sample Compliance Audit question 61: What happened in payroll scenario 411?,Ground truth answer for synthetic payroll scenario 411.
412,Compliance Audit,Sample Compliance Audit question 62: What happened in payroll scenario 412?,Ground truth answer for synthetic payroll scenario 412.
413,Compliance Audit,Sample Compliance Audit question 63: What happened in payroll scenario 413?,Ground truth answer for synthetic payroll scenario 413.
414,Compliance Audit,Sample Compliance Audit question 64: What happened in payroll scenario 414?,Ground truth answer for synthetic payroll scenario 414.
415,Compliance Audit,Sample Compliance Audit question 65: What happened in payroll scenario 415?,Ground truth answer for synthetic payroll scenario 415.
416,Compliance Audit,Sample Compliance Audit question 66: What happened in payroll scenario 416?,Ground truth answer for synthetic payroll scenario 416.
417,Compliance Audit,Sample Compliance Audit question 67: What happened in payroll scenario 417?,Ground truth answer for synthetic payroll scenario 417.
418,Compliance Audit,Sample Compliance Audit question 68: What happened in payroll scenario 418?,Ground truth answer for synthetic payroll scenario 418.
419,Compliance Audit,Sample Compliance Audit question 69: What happened in payroll scenario 419?,Ground truth answer for synthetic payroll scenario 419.
420,Compliance Audit,Sample Compliance Audit question 70: What happened in payroll scenario 420?,Ground truth answer for synthetic payroll scenario 420.
421,Compliance Audit,Sample Compliance Audit question 71: What happened in payroll scenario 421?,Ground truth answer for synthetic payroll scenario 421.
422,Compliance Audit,Sample Compliance Audit question 72: What happened in payroll scenario 422?,Ground truth answer for synthetic payroll scenario 422.
423,Compliance Audit,Sample Compliance Audit question 73: What happened in payroll scenario 423?,Ground truth answer for synthetic payroll scenario 423.
424,Compliance Audit,Sample Compliance Audit question 74: What happened in payroll scenario 424?,Ground truth answer for synthetic payroll scenario 424.
425,Compliance Audit,Sample Compliance Audit question 75: What happened in payroll scenario 425?,Ground truth answer for synthetic payroll scenario 425.
426,Compliance Audit,Sample Compliance Audit question 76: What happened in payroll scenario 426?,Ground truth answer for synthetic payroll scenario 426.
427,Compliance Audit,Sample Compliance Audit question 77: What happened in payroll scenario 427?,Ground truth answer for synthetic payroll scenario 427.
428,Compliance Audit,Sample Compliance Audit question 78: What happened in payroll scenario 428?,Ground truth answer for synthetic payroll scenario 428.
429,Compliance Audit,Sample Compliance Audit question 79: What happened in payroll scenario 429?,Ground truth answer for synthetic payroll scenario 429.
430,Compliance Audit,Sample Compliance Audit question 80: What happened in payroll scenario 430?,Ground truth answer for synthetic payroll scenario 430.
431,Compliance Audit,Sample Compliance Audit question 81: What happened in payroll scenario 431?,Ground truth answer for synthetic payroll scenario 431.
432,Compliance Audit,Sample Compliance Audit question 82: What happened in payroll scenario 432?,Ground truth answer for synthetic payroll scenario 432.
433,Compliance Audit,Sample Compliance Audit question 83: What happened in payroll scenario 433?,Ground truth answer for synthetic payroll scenario 433.
434,Compliance Audit,Sample Compliance Audit question 84: What happened in payroll scenario 434?,Ground truth answer for synthetic payroll scenario 434.
435,Compliance Audit,Sample Compliance Audit question 85: What happened in payroll scenario 435?,Ground truth answer for synthetic payroll scenario 435.
436,Compliance Audit,Sample Compliance Audit question 86: What happened in payroll scenario 436?,Ground truth answer for synthetic payroll scenario 436.
437,Compliance Audit,Sample Compliance Audit question 87: What happened in payroll scenario 437?,Ground truth answer for synthetic payroll scenario 437.
438,Compliance Audit,Sample Compliance Audit question 88: What happened in payroll scenario 438?,Ground truth answer for synthetic payroll scenario 438.
439,Compliance Audit,Sample Compliance Audit question 89: What happened in payroll scenario 439?,Ground truth answer for synthetic payroll scenario 439.
440,Compliance Audit,Sample Compliance Audit question 90: What happened in payroll scenario 440?,Ground truth answer for synthetic payroll scenario 440.
441,Compliance Audit,Sample Compliance Audit question 91: What happened in payroll scenario 441?,Ground truth answer for synthetic payroll scenario 441.
442,Compliance Audit,Sample Compliance Audit question 92: What happened in payroll scenario 442?,Ground truth answer for synthetic payroll scenario 442.
443,Compliance Audit,Sample Compliance Audit question 93: What happened in payroll scenario 443?,Ground truth answer for synthetic payroll scenario 443.
444,Compliance Audit,Sample Compliance Audit question 94: What happened in payroll scenario 444?,Ground truth answer for synthetic payroll scenario 444.
445,Compliance Audit,Sample Compliance Audit question 95: What happened in payroll scenario 445?,Ground truth answer for synthetic payroll scenario 445.
446,Compliance Audit,Sample Compliance Audit question 96: What happened in payroll scenario 446?,Ground truth answer for synthetic payroll scenario 446.
447,Compliance Audit,Sample Compliance Audit question 97: What happened in payroll scenario 447?,Ground truth answer for synthetic payroll scenario 447.
448,Compliance Audit,Sample Compliance Audit question 98: What happened in payroll scenario 448?,Ground truth answer for synthetic payroll scenario 448.
449,Compliance Audit,Sample Compliance Audit question 99: What happened in payroll scenario 449?,Ground truth answer for synthetic payroll scenario 449.
450,Compliance Audit,Sample Compliance Audit question 100: What happened in payroll scenario 450?,Ground truth answer for synthetic payroll scenario 450.
451,Compliance Audit,Sample Compliance Audit question 101: What happened in payroll scenario 451?,Ground truth answer for synthetic payroll scenario 451.
452,Compliance Audit,Sample Compliance Audit question 102: What happened in payroll scenario 452?,Ground truth answer for synthetic payroll scenario 452.
453,Compliance Audit,Sample Compliance Audit question 103: What happened in payroll scenario 453?,Ground truth answer for synthetic payroll scenario 453.
454,Compliance Audit,Sample Compliance Audit question 104: What happened in payroll scenario 454?,Ground truth answer for synthetic payroll scenario 454.
455,Compliance Audit,Sample Compliance Audit question 105: What happened in payroll scenario 455?,Ground truth answer for synthetic payroll scenario 455.
456,Compliance Audit,Sample Compliance Audit question 106: What happened in payroll scenario 456?,Ground truth answer for synthetic payroll scenario 456.
457,Compliance Audit,Sample Compliance Audit question 107: What happened in payroll scenario 457?,Ground truth answer for synthetic payroll scenario 457.
458,Compliance Audit,Sample Compliance Audit question 108: What happened in payroll scenario 458?,Ground truth answer for synthetic payroll scenario 458.
459,Compliance Audit,Sample Compliance Audit question 109: What happened in payroll scenario 459?,Ground truth answer for synthetic payroll scenario 459.
460,Compliance Audit,Sample Compliance Audit question 110: What happened in payroll scenario 460?,Ground truth answer for synthetic payroll scenario 460.
461,Compliance Audit,Sample Compliance Audit question 111: What happened in payroll scenario 461?,Ground truth answer for synthetic payroll scenario 461.
462,Compliance Audit,Sample Compliance Audit question 112: What happened in payroll scenario 462?,Ground truth answer for synthetic payroll scenario 462.
463,Compliance Audit,Sample Compliance Audit question 113: What happened in payroll scenario 463?,Ground truth answer for synthetic payroll scenario 463.
464,Compliance Audit,Sample Compliance Audit question 114: What happened in payroll scenario 464?,Ground truth answer for synthetic payroll scenario 464.
465,Compliance Audit,Sample Compliance Audit question 115: What happened in payroll scenario 465?,Ground truth answer for synthetic payroll scenario 465.
466,Compliance Audit,Sample Compliance Audit question 116: What happened in payroll scenario 466?,Ground truth answer for synthetic payroll scenario 466.
467,Compliance Audit,Sample Compliance Audit question 117: What happened in payroll scenario 467?,Ground truth answer for synthetic payroll scenario 467.
468,Compliance Audit,Sample Compliance Audit question 118: What happened in payroll scenario 468?,Ground truth answer for synthetic payroll scenario 468.
469,Compliance Audit,Sample Compliance Audit question 119: What happened in payroll scenario 469?,Ground truth answer for synthetic payroll scenario 469.
470,Compliance Audit,Sample Compliance Audit question 120: What happened in payroll scenario 470?,Ground truth answer for synthetic payroll scenario 470.
471,Compliance Audit,Sample Compliance Audit question 121: What happened in payroll scenario 471?,Ground truth answer for synthetic payroll scenario 471.
472,Compliance Audit,Sample Compliance Audit question 122: What happened in payroll scenario 472?,Ground truth answer for synthetic payroll scenario 472.
473,Compliance Audit,Sample Compliance Audit question 123: What happened in payroll scenario 473?,Ground truth answer for synthetic payroll scenario 473.
474,Compliance Audit,Sample Compliance Audit question 124: What happened in payroll scenario 474?,Ground truth answer for synthetic payroll scenario 474.
475,Compliance Audit,Sample Compliance Audit question 125: What happened in payroll scenario 475?,Ground truth answer for synthetic payroll scenario 475.
476,Compliance Audit,Sample Compliance Audit question 126: What happened in payroll scenario 476?,Ground truth answer for synthetic payroll scenario 476.
477,Compliance Audit,Sample Compliance Audit question 127: What happened in payroll scenario 477?,Ground truth answer for synthetic payroll scenario 477.
478,Compliance Audit,Sample Compliance Audit question 128: What happened in payroll scenario 478?,Ground truth answer for synthetic payroll scenario 478.
479,Compliance Audit,Sample Compliance Audit question 129: What happened in payroll scenario 479?,Ground truth answer for synthetic payroll scenario 479.
480,Compliance Audit,Sample Compliance Audit question 130: What happened in payroll scenario 480?,Ground truth answer for synthetic payroll scenario 480.
481,Compliance Audit,Sample Compliance Audit question 131: What happened in payroll scenario 481?,Ground truth answer for synthetic payroll scenario 481.
482,Compliance Audit,Sample Compliance Audit question 132: What happened in payroll scenario 482?,Ground truth answer for synthetic payroll scenario 482.
483,Compliance Audit,Sample Compliance Audit question 133: What happened in payroll scenario 483?,Ground truth answer for synthetic payroll scenario 483.
484,Compliance Audit,Sample Compliance Audit question 134: What happened in payroll scenario 484?,Ground truth answer for synthetic payroll scenario 484.
485,Compliance Audit,Sample Compliance Audit question 135: What happened in payroll scenario 485?,Ground truth answer for synthetic payroll scenario 485.
486,Compliance Audit,Sample Compliance Audit question 136: What happened in payroll scenario 486?,Ground truth answer for synthetic payroll scenario 486.
487,Compliance Audit,Sample Compliance Audit question 137: What happened in payroll scenario 487?,Ground truth answer for synthetic payroll scenario 487.
488,Compliance Audit,Sample Compliance Audit question 138: What happened in payroll scenario 488?,Ground truth answer for synthetic payroll scenario 488.
489,Compliance Audit,Sample Compliance Audit question 139: What happened in payroll scenario 489?,Ground truth answer for synthetic payroll scenario 489.
490,Compliance Audit,Sample Compliance Audit question 140: What happened in payroll scenario 490?,Ground truth answer for synthetic payroll scenario 490.
491,Compliance Audit,Sample Compliance Audit question 141: What happened in payroll scenario 491?,Ground truth answer for synthetic payroll scenario 491.
492,Compliance Audit,Sample Compliance Audit question 142: What happened in payroll scenario 492?,Ground truth answer for synthetic payroll scenario 492.
493,Compliance Audit,Sample Compliance Audit question 143: What happened in payroll scenario 493?,Ground truth answer for synthetic payroll scenario 493.
494,Compliance Audit,Sample Compliance Audit question 144: What happened in payroll scenario 494?,Ground truth answer for synthetic payroll scenario 494.
495,Compliance Audit,Sample Compliance Audit question 145: What happened in payroll scenario 495?,Ground truth answer for synthetic payroll scenario 495.
496,Compliance Audit,Sample Compliance Audit question 146: What happened in payroll scenario 496?,Ground truth answer for synthetic payroll scenario 496.
497,Compliance Audit,Sample Compliance Audit question 147: What happened in payroll scenario 497?,Ground truth answer for synthetic payroll scenario 497.
498,Compliance Audit,Sample Compliance Audit question 148: What happened in payroll scenario 498?,Ground truth answer for synthetic payroll scenario 498.
499,Compliance Audit,Sample Compliance Audit question 149: What happened in payroll scenario 499?,Ground truth answer for synthetic payroll scenario 499.
500,Compliance Audit,Sample Compliance Audit question 150: What happened in payroll scenario 500?,Ground truth answer for synthetic payroll scenario 500.
501,System Metadata,Sample System Metadata question 1: What happened in payroll scenario 501?,Ground truth answer for synthetic payroll scenario 501.
502,System Metadata,Sample System Metadata question 2: What happened in payroll scenario 502?,Ground truth answer for synthetic payroll scenario 502.
503,System Metadata,Sample System Metadata question 3: What happened in payroll scenario 503?,Ground truth answer for synthetic payroll scenario 503.
504,System Metadata,Sample System Metadata question 4: What happened in payroll scenario 504?,Ground truth answer for synthetic payroll scenario 504.
505,System Metadata,Sample System Metadata question 5: What happened in payroll scenario 505?,Ground truth answer for synthetic payroll scenario 505.
506,System Metadata,Sample System Metadata question 6: What happened in payroll scenario 506?,Ground truth answer for synthetic payroll scenario 506.
507,System Metadata,Sample System Metadata question 7: What happened in payroll scenario 507?,Ground truth answer for synthetic payroll scenario 507.
508,System Metadata,Sample System Metadata question 8: What happened in payroll scenario 508?,Ground truth answer for synthetic payroll scenario 508.
509,System Metadata,Sample System Metadata question 9: What happened in payroll scenario 509?,Ground truth answer for synthetic payroll scenario 509.
510,System Metadata,Sample System Metadata question 10: What happened in payroll scenario 510?,Ground truth answer for synthetic payroll scenario 510.
511,System Metadata,Sample System Metadata question 11: What happened in payroll scenario 511?,Ground truth answer for synthetic payroll scenario 511.
512,System Metadata,Sample System Metadata question 12: What happened in payroll scenario 512?,Ground truth answer for synthetic payroll scenario 512.
513,System Metadata,Sample System Metadata question 13: What happened in payroll scenario 513?,Ground truth answer for synthetic payroll scenario 513.
514,System Metadata,Sample System Metadata question 14: What happened in payroll scenario 514?,Ground truth answer for synthetic payroll scenario 514.
515,System Metadata,Sample System Metadata question 15: What happened in payroll scenario 515?,Ground truth answer for synthetic payroll scenario 515.
516,System Metadata,Sample System Metadata question 16: What happened in payroll scenario 516?,Ground truth answer for synthetic payroll scenario 516.
517,System Metadata,Sample System Metadata question 17: What happened in payroll scenario 517?,Ground truth answer for synthetic payroll scenario 517.
518,System Metadata,Sample System Metadata question 18: What happened in payroll scenario 518?,Ground truth answer for synthetic payroll scenario 518.
519,System Metadata,Sample System Metadata question 19: What happened in payroll scenario 519?,Ground truth answer for synthetic payroll scenario 519.
520,System Metadata,Sample System Metadata question 20: What happened in payroll scenario 520?,Ground truth answer for synthetic payroll scenario 520.
521,System Metadata,Sample System Metadata question 21: What happened in payroll scenario 521?,Ground truth answer for synthetic payroll scenario 521.
522,System Metadata,Sample System Metadata question 22: What happened in payroll scenario 522?,Ground truth answer for synthetic payroll scenario 522.
523,System Metadata,Sample System Metadata question 23: What happened in payroll scenario 523?,Ground truth answer for synthetic payroll scenario 523.
524,System Metadata,Sample System Metadata question 24: What happened in payroll scenario 524?,Ground truth answer for synthetic payroll scenario 524.
525,System Metadata,Sample System Metadata question 25: What happened in payroll scenario 525?,Ground truth answer for synthetic payroll scenario 525.
526,System Metadata,Sample System Metadata question 26: What happened in payroll scenario 526?,Ground truth answer for synthetic payroll scenario 526.
527,System Metadata,Sample System Metadata question 27: What happened in payroll scenario 527?,Ground truth answer for synthetic payroll scenario 527.
528,System Metadata,Sample System Metadata question 28: What happened in payroll scenario 528?,Ground truth answer for synthetic payroll scenario 528.
529,System Metadata,Sample System Metadata question 29: What happened in payroll scenario 529?,Ground truth answer for synthetic payroll scenario 529.
530,System Metadata,Sample System Metadata question 30: What happened in payroll scenario 530?,Ground truth answer for synthetic payroll scenario 530.
531,System Metadata,Sample System Metadata question 31: What happened in payroll scenario 531?,Ground truth answer for synthetic payroll scenario 531.
532,System Metadata,Sample System Metadata question 32: What happened in payroll scenario 532?,Ground truth answer for synthetic payroll scenario 532.
533,System Metadata,Sample System Metadata question 33: What happened in payroll scenario 533?,Ground truth answer for synthetic payroll scenario 533.
534,System Metadata,Sample System Metadata question 34: What happened in payroll scenario 534?,Ground truth answer for synthetic payroll scenario 534.
535,System Metadata,Sample System Metadata question 35: What happened in payroll scenario 535?,Ground truth answer for synthetic payroll scenario 535.
536,System Metadata,Sample System Metadata question 36: What happened in payroll scenario 536?,Ground truth answer for synthetic payroll scenario 536.
537,System Metadata,Sample System Metadata question 37: What happened in payroll scenario 537?,Ground truth answer for synthetic payroll scenario 537.
538,System Metadata,Sample System Metadata question 38: What happened in payroll scenario 538?,Ground truth answer for synthetic payroll scenario 538.
539,System Metadata,Sample System Metadata question 39: What happened in payroll scenario 539?,Ground truth answer for synthetic payroll scenario 539.
540,System Metadata,Sample System Metadata question 40: What happened in payroll scenario 540?,Ground truth answer for synthetic payroll scenario 540.
541,System Metadata,Sample System Metadata question 41: What happened in payroll scenario 541?,Ground truth answer for synthetic payroll scenario 541.
542,System Metadata,Sample System Metadata question 42: What happened in payroll scenario 542?,Ground truth answer for synthetic payroll scenario 542.
543,System Metadata,Sample System Metadata question 43: What happened in payroll scenario 543?,Ground truth answer for synthetic payroll scenario 543.
544,System Metadata,Sample System Metadata question 44: What happened in payroll scenario 544?,Ground truth answer for synthetic payroll scenario 544.
545,System Metadata,Sample System Metadata question 45: What happened in payroll scenario 545?,Ground truth answer for synthetic payroll scenario 545.
546,System Metadata,Sample System Metadata question 46: What happened in payroll scenario 546?,Ground truth answer for synthetic payroll scenario 546.
547,System Metadata,Sample System Metadata question 47: What happened in payroll scenario 547?,Ground truth answer for synthetic payroll scenario 547.
548,System Metadata,Sample System Metadata question 48: What happened in payroll scenario 548?,Ground truth answer for synthetic payroll scenario 548.
549,System Metadata,Sample System Metadata question 49: What happened in payroll scenario 549?,Ground truth answer for synthetic payroll scenario 549.
550,System Metadata,Sample System Metadata question 50: What happened in payroll scenario 550?,Ground truth answer for synthetic payroll scenario 550.
551,System Metadata,Sample System Metadata question 51: What happened in payroll scenario 551?,Ground truth answer for synthetic payroll scenario 551.
552,System Metadata,Sample System Metadata question 52: What happened in payroll scenario 552?,Ground truth answer for synthetic payroll scenario 552.
553,System Metadata,Sample System Metadata question 53: What happened in payroll scenario 553?,Ground truth answer for synthetic payroll scenario 553.
554,System Metadata,Sample System Metadata question 54: What happened in payroll scenario 554?,Ground truth answer for synthetic payroll scenario 554.
555,System Metadata,Sample System Metadata question 55: What happened in payroll scenario 555?,Ground truth answer for synthetic payroll scenario 555.
556,System Metadata,Sample System Metadata question 56: What happened in payroll scenario 556?,Ground truth answer for synthetic payroll scenario 556.
557,System Metadata,Sample System Metadata question 57: What happened in payroll scenario 557?,Ground truth answer for synthetic payroll scenario 557.
558,System Metadata,Sample System Metadata question 58: What happened in payroll scenario 558?,Ground truth answer for synthetic payroll scenario 558.
559,System Metadata,Sample System Metadata question 59: What happened in payroll scenario 559?,Ground truth answer for synthetic payroll scenario 559.
560,System Metadata,Sample System Metadata question 60: What happened in payroll scenario 560?,Ground truth answer for synthetic payroll scenario 560.
561,System Metadata,Sample System Metadata question 61: What happened in payroll scenario 561?,Ground truth answer for synthetic payroll scenario 561.
562,System Metadata,Sample System Metadata question 62: What happened in payroll scenario 562?,Ground truth answer for synthetic payroll scenario 562.
563,System Metadata,Sample System Metadata question 63: What happened in payroll scenario 563?,Ground truth answer for synthetic payroll scenario 563.
564,System Metadata,Sample System Metadata question 64: What happened in payroll scenario 564?,Ground truth answer for synthetic payroll scenario 564.
565,System Metadata,Sample System Metadata question 65: What happened in payroll scenario 565?,Ground truth answer for synthetic payroll scenario 565.
566,System Metadata,Sample System Metadata question 66: What happened in payroll scenario 566?,Ground truth answer for synthetic payroll scenario 566.
567,System Metadata,Sample System Metadata question 67: What happened in payroll scenario 567?,Ground truth answer for synthetic payroll scenario 567.
568,System Metadata,Sample System Metadata question 68: What happened in payroll scenario 568?,Ground truth answer for synthetic payroll scenario 568.
569,System Metadata,Sample System Metadata question 69: What happened in payroll scenario 569?,Ground truth answer for synthetic payroll scenario 569.
570,System Metadata,Sample System Metadata question 70: What happened in payroll scenario 570?,Ground truth answer for synthetic payroll scenario 570.
571,System Metadata,Sample System Metadata question 71: What happened in payroll scenario 571?,Ground truth answer for synthetic payroll scenario 571.
572,System Metadata,Sample System Metadata question 72: What happened in payroll scenario 572?,Ground truth answer for synthetic payroll scenario 572.
573,System Metadata,Sample System Metadata question 73: What happened in payroll scenario 573?,Ground truth answer for synthetic payroll scenario 573.
574,System Metadata,Sample System Metadata question 74: What happened in payroll scenario 574?,Ground truth answer for synthetic payroll scenario 574.
575,System Metadata,Sample System Metadata question 75: What happened in payroll scenario 575?,Ground truth answer for synthetic payroll scenario 575.
576,System Metadata,Sample System Metadata question 76: What happened in payroll scenario 576?,Ground truth answer for synthetic payroll scenario 576.
577,System Metadata,Sample System Metadata question 77: What happened in payroll scenario 577?,Ground truth answer for synthetic payroll scenario 577.
578,System Metadata,Sample System Metadata question 78: What happened in payroll scenario 578?,Ground truth answer for synthetic payroll scenario 578.
579,System Metadata,Sample System Metadata question 79: What happened in payroll scenario 579?,Ground truth answer for synthetic payroll scenario 579.
580,System Metadata,Sample System Metadata question 80: What happened in payroll scenario 580?,Ground truth answer for synthetic payroll scenario 580.
581,System Metadata,Sample System Metadata question 81: What happened in payroll scenario 581?,Ground truth answer for synthetic payroll scenario 581.
582,System Metadata,Sample System Metadata question 82: What happened in payroll scenario 582?,Ground truth answer for synthetic payroll scenario 582.
583,System Metadata,Sample System Metadata question 83: What happened in payroll scenario 583?,Ground truth answer for synthetic payroll scenario 583.
584,System Metadata,Sample System Metadata question 84: What happened in payroll scenario 584?,Ground truth answer for synthetic payroll scenario 584.
585,System Metadata,Sample System Metadata question 85: What happened in payroll scenario 585?,Ground truth answer for synthetic payroll scenario 585.
586,System Metadata,Sample System Metadata question 86: What happened in payroll scenario 586?,Ground truth answer for synthetic payroll scenario 586.
587,System Metadata,Sample System Metadata question 87: What happened in payroll scenario 587?,Ground truth answer for synthetic payroll scenario 587.
588,System Metadata,Sample System Metadata question 88: What happened in payroll scenario 588?,Ground truth answer for synthetic payroll scenario 588.
589,System Metadata,Sample System Metadata question 89: What happened in payroll scenario 589?,Ground truth answer for synthetic payroll scenario 589.
590,System Metadata,Sample System Metadata question 90: What happened in payroll scenario 590?,Ground truth answer for synthetic payroll scenario 590.
591,System Metadata,Sample System Metadata question 91: What happened in payroll scenario 591?,Ground truth answer for synthetic payroll scenario 591.
592,System Metadata,Sample System Metadata question 92: What happened in payroll scenario 592?,Ground truth answer for synthetic payroll scenario 592.
593,System Metadata,Sample System Metadata question 93: What happened in payroll scenario 593?,Ground truth answer for synthetic payroll scenario 593.
594,System Metadata,Sample System Metadata question 94: What happened in payroll scenario 594?,Ground truth answer for synthetic payroll scenario 594.
595,System Metadata,Sample System Metadata question 95: What happened in payroll scenario 595?,Ground truth answer for synthetic payroll scenario 595.
596,System Metadata,Sample System Metadata question 96: What happened in payroll scenario 596?,Ground truth answer for synthetic payroll scenario 596.
597,System Metadata,Sample System Metadata question 97: What happened in payroll scenario 597?,Ground truth answer for synthetic payroll scenario 597.
598,System Metadata,Sample System Metadata question 98: What happened in payroll scenario 598?,Ground truth answer for synthetic payroll scenario 598.
599,System Metadata,Sample System Metadata question 99: What happened in payroll scenario 599?,Ground truth answer for synthetic payroll scenario 599.
600,System Metadata,Sample System Metadata question 100: What happened in payroll scenario 600?,Ground truth answer for synthetic payroll scenario 600.
